{
  "recallAt10": 0.9333333333333333,
  "recallAt30": 1,
  "mrr": 0.45392773892773886,
  "citationCorrectness": 1,
  "savedAt": "2026-05-14T15:46:37.344Z"
}
